Bern/Engehaldenstrasse/1;Bern/Bollwerk/1;408
Bern/Bollwerk/1;Bern/Neubrückstrasse/1;105.7
Bern/Tiefenaustrasse/1;Bern/Neubrückstrasse/1;272.5
Bern/Tiefenaustrasse/1;Bern/Tiefenaustrasse/2;970.56
Bern-Neufeld/A1/1;Bern/Tiefenaustrasse/2;1021
Bern-Wankdorf/A1/1;Bern-Neufeld/A1/1;3213.9
Schönbühl/A1/1;Bern-Wankdorf/A1/1;5039.1
Kirchberg/A1/1;Schönbühl/A1/1;9808.1
Luterbach/A1/1;Kirchberg/A1/1;15600
Solothurn-Ost/A1/1;Luterbach/A1/1;2509.1
Solothurn/Bahnhof/1;Solothurn-Ost/A1/1;2316.6
Solothurn/Bahnhof/1;Solothurn/Baseltor/1;544.9
Solothurn/Baseltor/1;Solothurn/Gibelinstrasse/1;1311.6
Solothurn/Gibelinstrasse/1;Solothurn/Weissensteinstrasse/2;182.5
Solothurn/Weissensteinstrasse/1;Solothurn/Weissensteinstrasse/2;646.5
Solothurn-Ost/A1/1;Solothurn-West/A1/1;2994.9
Solothurn-West/A1/1;Solothurn/Gibelinstrasse/1;2178.9
Solothurn/Baseltor/1;Feldbrunnen/Baselstrasse/1;1652.9
Feldbrunnen/Baselstrasse/1;Riedholz/Baselstrasse/1;1813.2
Riedholz/Baselstrasse/1;Wiedlisbach/Entlastungsstrasse/1;5944.8
Niederbipp/Dürrmühle/1;Wiedlisbach/Entlastungsstrasse/1;4390.8
Niederbipp/Dürrmühle/1;Oensingen/Solothurnerstrasse/1;2047.5
Oensingen/Solothurnerstrasse/1;Oensingen/Hauptstrasse/1;1479
Oberbuchsiten/Hauptstrasse/1;Oensingen/Hauptstrasse/1;3987.3
Oberbuchsiten/Hauptstrasse/1;Egerkingen/Oltnerstrasse/1;3032
Hägendorf/Solothurnerstrasse/2;Egerkingen/Oltnerstrasse/1;3127.1
Hägendorf/Solothurnerstrasse/1;Hägendorf/Solothurnerstrasse/2;282
Wangen b. Olten/Dorfstrasse/1;Hägendorf/Solothurnerstrasse/1;2046
Wangen b. Olten/Dorfstrasse/1;Wangen b. Olten/Überführungsstrasse/1;470.7
Olten/Gäustrasse/2;Olten/Gäustrasse/3;205.3
Olten/Gäustrasse/3;Olten/Gäustrasse/1;598.9
Olten/Gäustrasse/2;Wangen b. Olten/Überführungsstrasse/1;1680
Olten/Rötzmattweg/1;Olten/Gäustrasse/1;85.4
Olten/Rötzmattweg/1;Olten/Im Kleinholz/2;447.9
Olten/Rötzmattweg/1;Olten/Autorenstrasse/1;95.7
Olten/Autorenstrasse/1;Olten/Gründerstrasse/1;219.5
Olten/Autorenstrasse/1;Olten/Autorenstrasse/2;106
Olten/Autorenstrasse/2;Olten/Erfinderstrasse/1;197.8
Olten/Gründerstrasse/1;Olten/Erfinderstrasse/1;120.5
Olten/Erfinderstrasse/1;Olten/Gheidweg/1;221
Olten/Gheidweg/1;Olten/Gäustrasse/3;30.1
Olten/Gäustrasse/2;Olten/Solothurnerstrasse/1;240.5
Wangen b. Olten/Dorfstrasse/1;Olten/Solothurnerstrasse/1;1786
Rothrist/Hofmattstrasse/1;Olten/Gäustrasse/1;4018.8
Härkingen/A1/1;Rothrist/Hofmattstrasse/1;6537.7
Egerkingen/A1/1;Härkingen/A1/1;1277.8
Egerkingen/Oltnerstrasse/1;Härkingen/A1/1;694.2
Oensingen/A1/1;Härkingen/A1/1;7175.7
Oensingen/A1/1;Oensingen/Hauptstrasse/1;1631.8
Niederbipp/A1/1;Oensingen/A1/1;3141.5
Niederbipp/Dürrmühle/1;Niederbipp/A1/1;1995.9
Wangen a. A./A1/1;Niederbipp/A1/1;4835.7
Wangen a. A./A1/1;Wiedlisbach/Entlastungsstrasse/1;1163.3
Luterbach/A1/1;Wangen a. A./A1/1;5083.2
Olten/Im Kleinholz/1;Olten/Im Kleinholz/2;523.7
Olten/Gäustrasse/1;Olten/Gäustrasse/4;650.3
Hägendorf/Solothurnerstrasse/2;Kappel/Mittelgäustrasse/1;1010.2
Wangen b. Olten/Überführungsstrasse/1;Kappel/Mittelgäustrasse/1;2889.6