Olten/Im Kleinholz/1;2634988.75;1243805.26
Olten/Im Kleinholz/2;2634483.46;1243726.03
Olten/Gäustrasse/1;2634782.92;1244134.06
Olten/Gäustrasse/4;2635375.38;1243976.09
Rothrist/Hofmattstrasse/1;2634509.07;1240481.97
Härkingen/A1/1;2628136.54;1240253.59
Oensingen/A1/1;2621737.00;1237135.30
Niederbipp/A1/1;2620232.16;1234440.50
Wangen a. A./A1/1;2615999.19;1232350.13
Luterbach/A1/1;2612317.12;1229128.25
Solothurn-Ost/A1/1;2610099.25;1228178.63
Solothurn-West/A1/1;2607439.11;1227114.11
Solothurn/Gibelinstrasse/1;2606647.20;1228870.75
Solothurn/Weissensteinstrasse/1;2606148.36;1229392.03
Solothurn/Weissensteinstrasse/2;2606694.99;1229046.86
Solothurn/Bahnhof/1;2607875.71;1228197.92
Solothurn/Baseltor/1;2607779.32;1228734.22
Feldbrunnen/Baselstrasse/1;2608849.12;1229969.99
Riedholz/Baselstrasse/1;2610174.87;1231153.75
Wiedlisbach/Entlastungsstrasse/1;2615566.79;1233157.97
Niederbipp/Dürrmühle/1;2619075.30;1235660.49
Oensingen/Solothurnerstrasse/1;2620257.26;1237313.75
Oensingen/Hauptstrasse/1;2621598.55;1237744.32
Oberbuchsiten/Hauptstrasse/1;2624824.97;1239936.39
Egerkingen/Oltnerstrasse/1;2627438.76;1241386.28
Egerkingen/A1/1;2627750.26;1241350.88
Hägendorf/Solothurnerstrasse/1;2630600.05;1242558.53
Wangen b. Olten/Dorfstrasse/1;2632311.56;1243602.24
Wangen b. Olten/Überführungsstrasse/1;2632554.10;1243492.64
Kappel/Mittelgäustrasse/1;2630816.18;1241490.48
Hägendorf/Solothurnerstrasse/2;2630371.62;1242393.09
Kirchberg/A1/1;2609968.73;1213907.80
Schönbühl/A1/1;2604433.58;1206608.12
Bern-Wankdorf/A1/1;2602438.16;1202513.72
Bern/Tiefenaustrasse/1;2600041.31;1200268.53
Bern/Neubrückstrasse/1;2600186.50;1200047.77
Bern/Bollwerk/1;2600263.99;1200119.64
Bern/Engehaldenstrasse/1;2600106.69;1200325.04
Bern-Neufeld/A1/1;2599658.24;1201657.55
Bern/Tiefenaustrasse/2;2600179.53;1201218.68
Olten/Gäustrasse/2;2634077.11;1244171.12
Olten/Gäustrasse/3;2634256.81;1244270.48
Olten/Rötzmattweg/1;2634722.35;1244073.79
Olten/Autorenstrasse/1;2634637.40;1244116.79
Olten/Autorenstrasse/2;2634558.66;1244187.75
Olten/Gründerstrasse/1;2634474.66;1243969.43
Olten/Erfinderstrasse/1;2634402.72;1244066.14
Olten/Gheidweg/1;2634274.92;1244246.45
Olten/Solothurnerstrasse/1;2633950.44;1244201.85